variableMetadata	number
met_001	1
met_002	2
met_003	3
met_004	4
met_005	5
met_006	6
met_007	7
met_008	8
met_009	9
met_010	10
met_011	11
met_012	12
met_013	13
met_014	14
met_015	15
met_016	16
met_017	17
met_018	18
met_019	19
met_020	20
met_021	21
met_022	22
met_023	23
met_024	24
met_025	25
met_026	26
met_027	27
met_028	28
met_029	29
met_030	30
met_031	31
met_032	32
met_033	33
met_034	34
met_035	35
met_036	36
met_037	37
met_038	38
met_039	39
met_040	40
met_041	41
met_042	42
met_043	43
met_044	44
met_045	45
met_046	46
met_047	47
met_048	48
met_049	49
met_050	50
